<?xml version="1.0" encoding="UTF-8"?>
<project-private xmlns="http://www.netbeans.org/ns/project-private/1">
    <editor-bookmarks xmlns="http://www.netbeans.org/ns/editor-bookmarks/2" lastBookmarkId="0"/>
    <open-files xmlns="http://www.netbeans.org/ns/projectui-open-files/2">
        <group>
            <file>file:/C:/Kuliah%20Rafif/Belajar%20Bahasa%20Pemrograman/Latihan%20Java/Project_Libraree/src/Main.java</file>
            <file>file:/C:/Kuliah%20Rafif/Belajar%20Bahasa%20Pemrograman/Latihan%20Java/Project_Libraree/src/HasilPencarianBuku.fxml</file>
            <file>file:/C:/Kuliah%20Rafif/Belajar%20Bahasa%20Pemrograman/Latihan%20Java/Project_Libraree/src/MainPageController.java</file>
            <file>file:/C:/Kuliah%20Rafif/Belajar%20Bahasa%20Pemrograman/Latihan%20Java/Project_Libraree/src/MainPage.fxml</file>
            <file>file:/C:/Kuliah%20Rafif/Belajar%20Bahasa%20Pemrograman/Latihan%20Java/Project_Libraree/src/DetailBukuController.java</file>
            <file>file:/C:/Kuliah%20Rafif/Belajar%20Bahasa%20Pemrograman/Latihan%20Java/Project_Libraree/src/PindahScene.java</file>
            <file>file:/C:/Kuliah%20Rafif/Belajar%20Bahasa%20Pemrograman/Latihan%20Java/Project_Libraree/src/HasilPencarianBukuController.java</file>
        </group>
    </open-files>
</project-private>
